Row Labels,Fox News,NYT,Reddit,X.com discussion
Protect gun rights,0.13970588235294118,0,0.6206896551724138,0.08333333333333333
Democrats are the problem,0.19852941176470587,0.045454545454545456,0,0.1388888888888889
This is because of trans/woke ideology,0.058823529411764705,0,0,0.5277777777777778
It's a societal decline problem,0.19117647058823528,0,0.034482758620689655,0
This is because of mental health,0.13970588235294118,0.09090909090909091,0.10344827586206896,0.05555555555555555
Need stricter gun control,0.03676470588235294,0.5,0.1724137931034483,0
Be tough on crime,0.051470588235294115,0.045454545454545456,0.034482758620689655,0.08333333333333333
remove,0.051470588235294115,0.045454545454545456,0.034482758620689655,0.08333333333333333
This is a sign of moral and religious decay,0.058823529411764705,0,0,0.027777777777777776
This is because of social media,0.058823529411764705,0,0,0
Republicans are the problem,0.014705882352941176,0.2727272727272727,0,0
